date,target
1 May 2017,77
2 May 2017,68
3 May 2017,66
4 May 2017,66
5 May 2017,63
6 May 2017,62
7 May 2017,63
8 May 2017,62
9 May 2017,62
10 May 2017,79
11 May 2017,80
12 May 2017,70
13 May 2017,65
14 May 2017,64
15 May 2017,64
16 May 2017,63
17 May 2017,62
18 May 2017,62
19 May 2017,62
20 May 2017,61
21 May 2017,60
22 May 2017,66
23 May 2017,130
24 May 2017,98
25 May 2017,80
26 May 2017,74
27 May 2017,70
28 May 2017,68
29 May 2017,70
30 May 2017,77
31 May 2017,80
1 June 2017,64
2 June 2017,64
3 June 2017,67
4 June 2017,127
5 June 2017,361
6 June 2017,143
7 June 2017,103
8 June 2017,108
9 June 2017,168
10 June 2017,221
11 June 2017,271
12 June 2017,625
13 June 2017,1202
14 June 2017,3427
15 June 2017,1625
16 June 2017,1189
17 June 2017,1033
18 June 2017,990
19 June 2017,677
20 June 2017,521
21 June 2017,455
22 June 2017,462
23 June 2017,434
24 June 2017,374
25 June 2017,1780
26 June 2017,1132
27 June 2017,2501
28 June 2017,1190
29 June 2017,761
30 June 2017,611
1 July 2017,1190
2 July 2017,887
3 July 2017,732
4 July 2017,639
5 July 2017,582
6 July 2017,615
7 July 2017,648
8 July 2017,518
9 July 2017,476
10 July 2017,495
11 July 2017,1165
12 July 2017,2052
13 July 2017,2672
14 July 2017,1337
15 July 2017,1186
16 July 2017,1187
17 July 2017,894
18 July 2017,777
19 July 2017,692
20 July 2017,657
21 July 2017,647
22 July 2017,591
23 July 2017,536
24 July 2017,503
25 July 2017,472
26 July 2017,452
27 July 2017,423
28 July 2017,405
29 July 2017,409
30 July 2017,395
31 July 2017,384
1 August 2017,372
2 August 2017,368
3 August 2017,353
4 August 2017,333
5 August 2017,327
6 August 2017,688
7 August 2017,1307
8 August 2017,689
9 August 2017,812
10 August 2017,585
11 August 2017,531
12 August 2017,500
13 August 2017,468
14 August 2017,478
15 August 2017,625
16 August 2017,547
17 August 2017,729
18 August 2017,502
19 August 2017,452
20 August 2017,432
21 August 2017,449
22 August 2017,628
23 August 2017,498
24 August 2017,704
25 August 2017,703
26 August 2017,512
27 August 2017,462
28 August 2017,439
29 August 2017,574
30 August 2017,508
31 August 2017,651
1 September 2017,523
2 September 2017,472
3 September 2017,439
4 September 2017,430
5 September 2017,447
6 September 2017,464
7 September 2017,535
8 September 2017,549
9 September 2017,839
10 September 2017,989
11 September 2017,794
12 September 2017,863
13 September 2017,676
14 September 2017,586
15 September 2017,565
16 September 2017,758
17 September 2017,955
18 September 2017,1048
19 September 2017,1079
20 September 2017,1038
21 September 2017,816
22 September 2017,1068
23 September 2017,889
24 September 2017,783
25 September 2017,735
26 September 2017,744
27 September 2017,965
28 September 2017,1340
29 September 2017,1180
30 September 2017,1177
1 October 2017,1234
2 October 2017,1229
3 October 2017,1555
4 October 2017,8100
5 October 2017,4767
6 October 2017,2569
7 October 2017,2046
8 October 2017,1746
9 October 2017,1591
10 October 2017,1482
11 October 2017,1478
12 October 2017,1716
13 October 2017,1546
14 October 2017,1716
15 October 2017,1546
16 October 2017,1543
17 October 2017,1917
18 October 2017,1509
19 October 2017,1292
20 October 2017,1195
21 October 2017,1304
22 October 2017,1945
23 October 2017,1643
24 October 2017,1322
25 October 2017,1171
26 October 2017,1121
27 October 2017,1077
28 October 2017,978
29 October 2017,904
30 October 2017,888
31 October 2017,938
1 November 2017,828
2 November 2017,731
3 November 2017,686
4 November 2017,650
5 November 2017,630
6 November 2017,608
7 November 2017,583
8 November 2017,649
9 November 2017,1015
10 November 2017,828
11 November 2017,1790
12 November 2017,1179
13 November 2017,943
14 November 2017,915
15 November 2017,3102
16 November 2017,2045
17 November 2017,1258
18 November 2017,1122
19 November 2017,1015
20 November 2017,561
21 November 2017,699
22 November 2017,549
23 November 2017,485
24 November 2017,495
25 November 2017,498
26 November 2017,494
27 November 2017,668
28 November 2017,611
29 November 2017,439
30 November 2017,389
1 December 2017,377
2 December 2017,326
3 December 2017,312
4 December 2017,314
5 December 2017,336
6 December 2017,288
7 December 2017,268
8 December 2017,265
9 December 2017,270
10 December 2017,265
11 December 2017,280
12 December 2017,522
13 December 2017,311
14 December 2017,592
15 December 2017,1096
16 December 2017,858
17 December 2017,727
18 December 2017,838
19 December 2017,729
20 December 2017,618
21 December 2017,496
22 December 2017,417
23 December 2017,382
24 December 2017,360
25 December 2017,337
26 December 2017,303
27 December 2017,287
28 December 2017,264
29 December 2017,278
30 December 2017,262
31 December 2017,253
1 January 2018,620
2 January 2018,1157
3 January 2018,519
4 January 2018,394
5 January 2018,1087
6 January 2018,827
7 January 2018,690
8 January 2018,479
9 January 2018,440
10 January 2018,1750
11 January 2018,1322
12 January 2018,895
13 January 2018,650
14 January 2018,533
15 January 2018,464
16 January 2018,426
17 January 2018,382
18 January 2018,357
19 January 2018,331
20 January 2018,308
21 January 2018,285
22 January 2018,268
23 January 2018,252
24 January 2018,258
25 January 2018,486
26 January 2018,393
27 January 2018,276
28 January 2018,245
29 January 2018,228
30 January 2018,219
31 January 2018,201
1 February 2018,192
2 February 2018,186
3 February 2018,179
4 February 2018,172
5 February 2018,170
6 February 2018,183
7 February 2018,374
8 February 2018,376
9 February 2018,233
10 February 2018,210
11 February 2018,746
12 February 2018,1228
13 February 2018,488
14 February 2018,391
15 February 2018,340
16 February 2018,321
17 February 2018,276
18 February 2018,249
19 February 2018,223
20 February 2018,213
21 February 2018,199
22 February 2018,183
23 February 2018,170
24 February 2018,208
25 February 2018,206
26 February 2018,207
27 February 2018,192
28 February 2018,174
1 March 2018,151
2 March 2018,141
3 March 2018,138
4 March 2018,148
5 March 2018,365
6 March 2018,283
7 March 2018,194
8 March 2018,169
9 March 2018,158
10 March 2018,149
11 March 2018,138
12 March 2018,131
13 March 2018,129
14 March 2018,208
15 March 2018,153
16 March 2018,132
17 March 2018,131
18 March 2018,127
19 March 2018,118
20 March 2018,112
21 March 2018,109
22 March 2018,106
23 March 2018,105
24 March 2018,109
25 March 2018,126
26 March 2018,113
27 March 2018,109
28 March 2018,102
29 March 2018,110
30 March 2018,107
31 March 2018,100
1 April 2018,97
2 April 2018,94
3 April 2018,99
4 April 2018,100
5 April 2018,95
6 April 2018,91
7 April 2018,89
8 April 2018,182
9 April 2018,162
10 April 2018,114
11 April 2018,104
12 April 2018,98
13 April 2018,92
14 April 2018,89
15 April 2018,91
16 April 2018,102
17 April 2018,205
18 April 2018,132
19 April 2018,112
20 April 2018,104
21 April 2018,102
22 April 2018,216
23 April 2018,145
24 April 2018,126
25 April 2018,115
26 April 2018,109
27 April 2018,108
28 April 2018,104
29 April 2018,227
30 April 2018,263
1 May 2018,165
2 May 2018,140
3 May 2018,84
4 May 2018,124
5 May 2018,108
6 May 2018,82
7 May 2018,73
8 May 2018,83
9 May 2018,715
10 May 2018,1431
11 May 2018,550
12 May 2018,490
13 May 2018,383
14 May 2018,260
15 May 2018,208
16 May 2018,180
17 May 2018,244
18 May 2018,177
19 May 2018,156
20 May 2018,175
21 May 2018,149
22 May 2018,134
23 May 2018,166
24 May 2018,168
25 May 2018,136
26 May 2018,135
27 May 2018,193
28 May 2018,144
29 May 2018,131
30 May 2018,121
31 May 2018,119
1 June 2018,120
2 June 2018,117
3 June 2018,113
4 June 2018,286
5 June 2018,1304
6 June 2018,1286
7 June 2018,546
8 June 2018,444
9 June 2018,1196
10 June 2018,791
11 June 2018,514
12 June 2018,413
13 June 2018,361
14 June 2018,324
15 June 2018,289
16 June 2018,270
17 June 2018,324
18 June 2018,350
19 June 2018,290
20 June 2018,809
21 June 2018,585
22 June 2018,589
23 June 2018,478
24 June 2018,542
25 June 2018,412
26 June 2018,363
27 June 2018,336
28 June 2018,310
29 June 2018,295
30 June 2018,287
1 July 2018,284
2 July 2018,264
3 July 2018,249
4 July 2018,236
5 July 2018,243
6 July 2018,510
7 July 2018,1092
8 July 2018,646
9 July 2018,550
10 July 2018,471
11 July 2018,894
12 July 2018,724
13 July 2018,567
14 July 2018,495
15 July 2018,454
16 July 2018,429
17 July 2018,412
18 July 2018,415
19 July 2018,859
20 July 2018,619
21 July 2018,545
22 July 2018,1265
23 July 2018,950
24 July 2018,1143
25 July 2018,925
26 July 2018,868
27 July 2018,745
28 July 2018,658
29 July 2018,598
30 July 2018,559
31 July 2018,544
1 August 2018,570
2 August 2018,580
3 August 2018,480
4 August 2018,457
5 August 2018,426
6 August 2018,396
7 August 2018,365
8 August 2018,346
9 August 2018,334
10 August 2018,569
11 August 2018,426
12 August 2018,355
13 August 2018,334
14 August 2018,315
15 August 2018,301
16 August 2018,288
17 August 2018,304
18 August 2018,316
19 August 2018,306
20 August 2018,461
21 August 2018,340
22 August 2018,344
23 August 2018,315
24 August 2018,302
25 August 2018,286
26 August 2018,272
27 August 2018,262
28 August 2018,249
29 August 2018,241
30 August 2018,1328
31 August 2018,815
1 September 2018,582
2 September 2018,240
3 September 2018,1175
4 September 2018,764
5 September 2018,616
6 September 2018,568
7 September 2018,531
8 September 2018,544
9 September 2018,629
10 September 2018,697
11 September 2018,941
12 September 2018,1421
13 September 2018,615
14 September 2018,857
15 September 2018,893
16 September 2018,785
17 September 2018,666
18 September 2018,663
19 September 2018,672
20 September 2018,560
21 September 2018,596
22 September 2018,609
23 September 2018,571
24 September 2018,541
25 September 2018,550
26 September 2018,509
27 September 2018,495
28 September 2018,460
29 September 2018,732
30 September 2018,721
1 October 2018,730
2 October 2018,689
3 October 2018,1528
4 October 2018,1280
5 October 2018,1068
6 October 2018,979
7 October 2018,1113
8 October 2018,1050
9 October 2018,825
10 October 2018,1293
11 October 2018,948
12 October 2018,770
13 October 2018,708
14 October 2018,628
15 October 2018,580
16 October 2018,990
17 October 2018,4841
18 October 2018,1996
19 October 2018,1072
20 October 2018,817
21 October 2018,712
22 October 2018,921
23 October 2018,762
24 October 2018,677
25 October 2018,603
26 October 2018,594
27 October 2018,638
28 October 2018,593
29 October 2018,563
30 October 2018,1166
31 October 2018,1202
1 November 2018,641
2 November 2018,544
3 November 2018,505
4 November 2018,485
5 November 2018,487
6 November 2018,427
7 November 2018,418
8 November 2018,460
9 November 2018,481
10 November 2018,432
11 November 2018,389
12 November 2018,432
13 November 2018,598
14 November 2018,659
15 November 2018,467
16 November 2018,404
17 November 2018,379
18 November 2018,409
19 November 2018,399
20 November 2018,367
21 November 2018,357
22 November 2018,366
23 November 2018,541
24 November 2018,536
25 November 2018,364
26 November 2018,305
27 November 2018,285
28 November 2018,268
29 November 2018,258
30 November 2018,232
1 December 2018,230
2 December 2018,220
3 December 2018,214
4 December 2018,201
5 December 2018,220
6 December 2018,251
7 December 2018,200
8 December 2018,177
9 December 2018,327
10 December 2018,203
11 December 2018,172
12 December 2018,161
13 December 2018,154
14 December 2018,164
15 December 2018,172
16 December 2018,155
17 December 2018,164
18 December 2018,146
19 December 2018,129
20 December 2018,129
21 December 2018,160
22 December 2018,123
23 December 2018,115
24 December 2018,114
25 December 2018,121
26 December 2018,104
27 December 2018,109
28 December 2018,117
29 December 2018,112
30 December 2018,395
31 December 2018,344
1 January 2019,158
2 January 2019,134
3 January 2019,118
4 January 2019,107
5 January 2019,106
6 January 2019,111
7 January 2019,94
8 January 2019,85
9 January 2019,83
10 January 2019,273
11 January 2019,125
12 January 2019,100
13 January 2019,89
14 January 2019,393
15 January 2019,145
16 January 2019,112
17 January 2019,94
18 January 2019,87
19 January 2019,83
20 January 2019,200
21 January 2019,189
22 January 2019,113
23 January 2019,95
24 January 2019,111
25 January 2019,95
26 January 2019,82
27 January 2019,74
28 January 2019,68
29 January 2019,62
30 January 2019,58
31 January 2019,56
1 February 2019,57
2 February 2019,56
3 February 2019,54
4 February 2019,52
5 February 2019,51
6 February 2019,70
7 February 2019,115
8 February 2019,95
9 February 2019,77
10 February 2019,62
11 February 2019,54
12 February 2019,93
13 February 2019,136
14 February 2019,74
15 February 2019,62
16 February 2019,56
17 February 2019,51
18 February 2019,50
19 February 2019,48
20 February 2019,53
21 February 2019,64
22 February 2019,56
23 February 2019,47
24 February 2019,43
25 February 2019,42
26 February 2019,47
27 February 2019,48
28 February 2019,45
1 March 2019,42
2 March 2019,41
3 March 2019,44
4 March 2019,225
5 March 2019,159
6 March 2019,90
7 March 2019,69
8 March 2019,59
9 March 2019,56
10 March 2019,51
11 March 2019,47
12 March 2019,44
13 March 2019,43
14 March 2019,45
15 March 2019,46
16 March 2019,47
17 March 2019,45
18 March 2019,44
19 March 2019,43
20 March 2019,44
21 March 2019,64
22 March 2019,103
23 March 2019,121
24 March 2019,205
25 March 2019,105
26 March 2019,79
27 March 2019,67
28 March 2019,139
29 March 2019,80
30 March 2019,61
31 March 2019,59
1 April 2019,58
2 April 2019,55
3 April 2019,54
4 April 2019,74
5 April 2019,66
6 April 2019,55
7 April 2019,51
8 April 2019,50
9 April 2019,110
10 April 2019,293
11 April 2019,338
12 April 2019,194
13 April 2019,149
14 April 2019,120
15 April 2019,103
16 April 2019,91
17 April 2019,85
18 April 2019,81
19 April 2019,78
20 April 2019,73
21 April 2019,70
22 April 2019,93
23 April 2019,100
24 April 2019,83
25 April 2019,344
26 April 2019,485
27 April 2019,281
28 April 2019,191
29 April 2019,160
30 April 2019,163
1 May 2019,66
2 May 2019,70
3 May 2019,102
4 May 2019,132
5 May 2019,123
6 May 2019,476
7 May 2019,234
8 May 2019,133
9 May 2019,131
10 May 2019,236
11 May 2019,277
12 May 2019,173
13 May 2019,141
14 May 2019,126
15 May 2019,119
16 May 2019,170
17 May 2019,329
18 May 2019,300
19 May 2019,187
20 May 2019,158
21 May 2019,147
22 May 2019,147
23 May 2019,140
24 May 2019,131
25 May 2019,121
26 May 2019,248
27 May 2019,183
28 May 2019,184
29 May 2019,370
30 May 2019,208
31 May 2019,172
1 June 2019,157
2 June 2019,148
3 June 2019,130
4 June 2019,139
5 June 2019,1056
6 June 2019,637
7 June 2019,327
8 June 2019,264
9 June 2019,233
10 June 2019,213
11 June 2019,197
12 June 2019,374
13 June 2019,701
14 June 2019,337
15 June 2019,268
16 June 2019,257
17 June 2019,251
18 June 2019,227
19 June 2019,207
20 June 2019,193
21 June 2019,193
22 June 2019,189
23 June 2019,182
24 June 2019,174
25 June 2019,212
26 June 2019,490
27 June 2019,1183
28 June 2019,2850
29 June 2019,1179
30 June 2019,651
1 July 2019,586
2 July 2019,514
3 July 2019,472
4 July 2019,441
5 July 2019,437
6 July 2019,417
7 July 2019,425
8 July 2019,907
9 July 2019,492
10 July 2019,419
11 July 2019,395
12 July 2019,363
13 July 2019,346
14 July 2019,370
15 July 2019,343
16 July 2019,322
17 July 2019,302
18 July 2019,287
19 July 2019,289
20 July 2019,274
21 July 2019,266
22 July 2019,260
23 July 2019,262
24 July 2019,722
25 July 2019,1497
26 July 2019,807
27 July 2019,466
28 July 2019,409
29 July 2019,387
30 July 2019,360
31 July 2019,346
1 August 2019,325
2 August 2019,311
3 August 2019,302
4 August 2019,299
5 August 2019,279
6 August 2019,365
7 August 2019,405
8 August 2019,331
9 August 2019,314
10 August 2019,336
11 August 2019,457
12 August 2019,360
13 August 2019,333
14 August 2019,327
15 August 2019,323
16 August 2019,329
17 August 2019,322
18 August 2019,307
19 August 2019,300
20 August 2019,291
21 August 2019,292
22 August 2019,298
23 August 2019,325
24 August 2019,279
25 August 2019,271
26 August 2019,278
27 August 2019,281
28 August 2019,275
29 August 2019,273
30 August 2019,341
31 August 2019,547
1 September 2019,698
2 September 2019,1188
3 September 2019,1939
4 September 2019,1335
5 September 2019,874
6 September 2019,691
7 September 2019,1244
8 September 2019,894
9 September 2019,760
10 September 2019,702
11 September 2019,659
12 September 2019,623
13 September 2019,599
14 September 2019,1330
15 September 2019,1003
16 September 2019,779
17 September 2019,696
18 September 2019,684
19 September 2019,1032
20 September 2019,1044
21 September 2019,806
22 September 2019,732
23 September 2019,738
24 September 2019,783
25 September 2019,740
26 September 2019,715
27 September 2019,726
28 September 2019,670
29 September 2019,625
30 September 2019,605
1 October 2019,681
2 October 2019,863
3 October 2019,658
4 October 2019,602
5 October 2019,567
6 October 2019,566
7 October 2019,825
8 October 2019,771
9 October 2019,665
10 October 2019,955
11 October 2019,888
12 October 2019,663
13 October 2019,577
14 October 2019,602
15 October 2019,532
16 October 2019,494
17 October 2019,464
18 October 2019,437
19 October 2019,421
20 October 2019,409
21 October 2019,411
22 October 2019,442
23 October 2019,480
24 October 2019,499
25 October 2019,486
26 October 2019,593
27 October 2019,571
28 October 2019,480
29 October 2019,975
30 October 2019,3526
31 October 2019,1721
1 November 2019,965
2 November 2019,588
3 November 2019,522
4 November 2019,570
5 November 2019,487
6 November 2019,464
7 November 2019,474
8 November 2019,397
9 November 2019,373
10 November 2019,381
11 November 2019,465
12 November 2019,377
13 November 2019,607
14 November 2019,1762
15 November 2019,520
16 November 2019,414
17 November 2019,365
18 November 2019,337
19 November 2019,321
20 November 2019,301
21 November 2019,285
22 November 2019,277
23 November 2019,270
24 November 2019,252
25 November 2019,231
26 November 2019,231
27 November 2019,235
28 November 2019,211
29 November 2019,290
30 November 2019,210
1 December 2019,184
2 December 2019,176
3 December 2019,165
4 December 2019,158
5 December 2019,162
6 December 2019,157
7 December 2019,153
8 December 2019,324
9 December 2019,269
10 December 2019,180
11 December 2019,154
12 December 2019,150
13 December 2019,269
14 December 2019,312
15 December 2019,180
16 December 2019,152
17 December 2019,139
18 December 2019,146
19 December 2019,142
20 December 2019,116
21 December 2019,101
22 December 2019,98
23 December 2019,99
24 December 2019,96
25 December 2019,91
26 December 2019,87
27 December 2019,85
28 December 2019,85
29 December 2019,83
30 December 2019,78
31 December 2019,72
1 January 2020,69
2 January 2020,72
3 January 2020,84
4 January 2020,78
5 January 2020,71
6 January 2020,69
7 January 2020,78
8 January 2020,99
9 January 2020,149
10 January 2020,132
11 January 2020,108
12 January 2020,87
13 January 2020,113
14 January 2020,95
15 January 2020,77
16 January 2020,68
17 January 2020,59
18 January 2020,57
19 January 2020,56
20 January 2020,55
21 January 2020,53
22 January 2020,50
23 January 2020,48
24 January 2020,58
25 January 2020,104
26 January 2020,93
27 January 2020,70
28 January 2020,55
29 January 2020,51
30 January 2020,47
31 January 2020,47
1 February 2020,45
2 February 2020,43
3 February 2020,43
4 February 2020,41
5 February 2020,41
6 February 2020,42
7 February 2020,246
8 February 2020,134
9 February 2020,74
10 February 2020,59
11 February 2020,52
12 February 2020,47
13 February 2020,45
14 February 2020,43
15 February 2020,45
16 February 2020,192
17 February 2020,92
18 February 2020,66
19 February 2020,50
20 February 2020,45
21 February 2020,44
22 February 2020,43
23 February 2020,42
24 February 2020,40
25 February 2020,37
26 February 2020,39
27 February 2020,46
28 February 2020,46
29 February 2020,43
1 March 2020,42
2 March 2020,41
3 March 2020,40
4 March 2020,39
5 March 2020,39
6 March 2020,40
7 March 2020,43
8 March 2020,41
9 March 2020,38
10 March 2020,36
11 March 2020,35
12 March 2020,37
13 March 2020,58
14 March 2020,45
15 March 2020,42
16 March 2020,42
17 March 2020,39
18 March 2020,38
19 March 2020,36
20 March 2020,35
21 March 2020,34
22 March 2020,34
23 March 2020,39
24 March 2020,41
25 March 2020,39
26 March 2020,38
27 March 2020,37
28 March 2020,37
29 March 2020,37
30 March 2020,34
31 March 2020,33
1 April 2020,35
2 April 2020,35
3 April 2020,36
4 April 2020,36
5 April 2020,35
6 April 2020,35
7 April 2020,35
8 April 2020,37
9 April 2020,39
10 April 2020,41
11 April 2020,314
12 April 2020,172
13 April 2020,72
14 April 2020,54
15 April 2020,50
16 April 2020,47
17 April 2020,46
18 April 2020,145
19 April 2020,402
20 April 2020,363
21 April 2020,161
22 April 2020,116
23 April 2020,101
24 April 2020,167
25 April 2020,147
26 April 2020,100
27 April 2020,106
28 April 2020,65
29 April 2020,65
30 April 2020,35
1 May 2020,126
2 May 2020,166
3 May 2020,134
4 May 2020,318
5 May 2020,165
6 May 2020,128
7 May 2020,197
8 May 2020,256
9 May 2020,171
10 May 2020,503
11 May 2020,323
12 May 2020,211
13 May 2020,174
14 May 2020,171
15 May 2020,186
16 May 2020,169
17 May 2020,157
18 May 2020,149
19 May 2020,149
20 May 2020,163
21 May 2020,147
22 May 2020,132
23 May 2020,127
24 May 2020,180
25 May 2020,239
26 May 2020,178
27 May 2020,170
28 May 2020,151
29 May 2020,135
30 May 2020,879
31 May 2020,592
1 June 2020,165
2 June 2020,132
3 June 2020,176
4 June 2020,198
5 June 2020,185
6 June 2020,166
7 June 2020,151
8 June 2020,144
9 June 2020,145
10 June 2020,140
11 June 2020,169
12 June 2020,140
13 June 2020,132
14 June 2020,121
15 June 2020,112
16 June 2020,138
17 June 2020,121
18 June 2020,112
19 June 2020,109
20 June 2020,120
21 June 2020,118
22 June 2020,121
23 June 2020,142
24 June 2020,182
25 June 2020,141
26 June 2020,163
27 June 2020,198
28 June 2020,357
29 June 2020,1975
30 June 2020,1076
1 July 2020,697
2 July 2020,544
3 July 2020,460
4 July 2020,438
5 July 2020,410
6 July 2020,407
7 July 2020,388
8 July 2020,395
9 July 2020,841
10 July 2020,458
11 July 2020,390
12 July 2020,367
13 July 2020,338
14 July 2020,323
15 July 2020,344
16 July 2020,319
17 July 2020,300
18 July 2020,282
19 July 2020,268
20 July 2020,261
21 July 2020,270
22 July 2020,256
23 July 2020,248
24 July 2020,242
25 July 2020,245
26 July 2020,575
27 July 2020,1199
28 July 2020,561
29 July 2020,433
30 July 2020,381
31 July 2020,361
1 August 2020,336
2 August 2020,322
3 August 2020,303
4 August 2020,290
5 August 2020,282
6 August 2020,279
7 August 2020,340
8 August 2020,377
9 August 2020,309
10 August 2020,292
11 August 2020,313
12 August 2020,425
13 August 2020,336
14 August 2020,311
15 August 2020,305
16 August 2020,301
17 August 2020,306
18 August 2020,300
19 August 2020,286
20 August 2020,280
21 August 2020,272
22 August 2020,273
23 August 2020,278
24 August 2020,303
25 August 2020,261
26 August 2020,253
27 August 2020,260
28 August 2020,263
29 August 2020,257
30 August 2020,255
31 August 2020,318
1 September 2020,249
2 September 2020,748
3 September 2020,2812
4 September 2020,1200
5 September 2020,669
6 September 2020,538
7 September 2020,555
8 September 2020,566
9 September 2020,733
10 September 2020,597
11 September 2020,560
12 September 2020,531
13 September 2020,498
14 September 2020,489
15 September 2020,460
16 September 2020,503
17 September 2020,492
18 September 2020,499
19 September 2020,635
20 September 2020,867
21 September 2020,588
22 September 2020,506
23 September 2020,520
24 September 2020,706
25 September 2020,779
26 September 2020,569
27 September 2020,506
28 September 2020,468
29 September 2020,430
30 September 2020,405
1 October 2020,384
2 October 2020,372
3 October 2020,391
4 October 2020,374
5 October 2020,377
6 October 2020,363
7 October 2020,332
8 October 2020,337
9 October 2020,618
10 October 2020,973
11 October 2020,615
12 October 2020,313
13 October 2020,323
14 October 2020,343
15 October 2020,469
16 October 2020,304
17 October 2020,270
18 October 2020,389
19 October 2020,338
20 October 2020,264
21 October 2020,246
22 October 2020,234
23 October 2020,219
24 October 2020,206
25 October 2020,204
26 October 2020,229
27 October 2020,197
28 October 2020,1070
29 October 2020,531
30 October 2020,305
31 October 2020,303
1 November 2020,158
2 November 2020,153
3 November 2020,234
4 November 2020,191
5 November 2020,160
6 November 2020,157
7 November 2020,179
8 November 2020,189
9 November 2020,153
10 November 2020,140
11 November 2020,132
12 November 2020,128
13 November 2020,179
14 November 2020,183
15 November 2020,176
16 November 2020,165
17 November 2020,305
18 November 2020,253
19 November 2020,213
20 November 2020,191
21 November 2020,174
22 November 2020,158
23 November 2020,151
24 November 2020,142
25 November 2020,136
26 November 2020,129
27 November 2020,122
28 November 2020,110
29 November 2020,107
30 November 2020,103
1 December 2020,99
2 December 2020,95
3 December 2020,97
4 December 2020,94
5 December 2020,92
6 December 2020,98
7 December 2020,95
8 December 2020,94
9 December 2020,93
10 December 2020,88
11 December 2020,84
12 December 2020,87
13 December 2020,89
14 December 2020,84
15 December 2020,84
16 December 2020,103
17 December 2020,90
18 December 2020,90
19 December 2020,83
20 December 2020,82
21 December 2020,91
22 December 2020,88
23 December 2020,87
24 December 2020,275
25 December 2020,117
26 December 2020,133
27 December 2020,120
28 December 2020,96
29 December 2020,96
30 December 2020,92
31 December 2020,276
1 January 2021,227
2 January 2021,214
3 January 2021,202
4 January 2021,192
5 January 2021,180
6 January 2021,164
7 January 2021,153
8 January 2021,147
9 January 2021,145
10 January 2021,145
11 January 2021,216
12 January 2021,195
13 January 2021,154
14 January 2021,134
15 January 2021,120
16 January 2021,117
17 January 2021,110
18 January 2021,110
19 January 2021,104
20 January 2021,102
21 January 2021,126
22 January 2021,116
23 January 2021,452
24 January 2021,221
25 January 2021,151
26 January 2021,123
27 January 2021,109
28 January 2021,100
29 January 2021,93
30 January 2021,88
31 January 2021,82
1 February 2021,78
2 February 2021,78
3 February 2021,121
4 February 2021,110
5 February 2021,92
6 February 2021,80
7 February 2021,72
8 February 2021,67
9 February 2021,65
10 February 2021,57
11 February 2021,91
12 February 2021,204
13 February 2021,131
14 February 2021,85
15 February 2021,77
16 February 2021,72
17 February 2021,67
18 February 2021,61
19 February 2021,59
20 February 2021,91
21 February 2021,126
22 February 2021,172
23 February 2021,198
24 February 2021,179
25 February 2021,231
26 February 2021,149
27 February 2021,162
28 February 2021,182
1 March 2021,193
2 March 2021,139
3 March 2021,107
4 March 2021,97
5 March 2021,89
6 March 2021,78
7 March 2021,77
8 March 2021,81
9 March 2021,108
10 March 2021,88
11 March 2021,76
12 March 2021,70
13 March 2021,67
14 March 2021,66
15 March 2021,64
16 March 2021,64
17 March 2021,143
18 March 2021,106
19 March 2021,97
20 March 2021,163
21 March 2021,221
22 March 2021,139
23 March 2021,101
24 March 2021,240
25 March 2021,409
26 March 2021,195
27 March 2021,151
28 March 2021,126
29 March 2021,111
30 March 2021,184
31 March 2021,175
1 April 2021,132
2 April 2021,111
3 April 2021,100
4 April 2021,93
5 April 2021,89
6 April 2021,97
7 April 2021,96
8 April 2021,94
9 April 2021,89
10 April 2021,84
11 April 2021,81
12 April 2021,79
13 April 2021,78
14 April 2021,77
15 April 2021,75
16 April 2021,76
17 April 2021,75
18 April 2021,74
19 April 2021,73
20 April 2021,71
21 April 2021,71
22 April 2021,71
23 April 2021,77
24 April 2021,105
25 April 2021,96
26 April 2021,90
27 April 2021,83
28 April 2021,245
29 April 2021,268
30 April 2021,236
1 May 2021,587
2 May 2021,460
3 May 2021,282
4 May 2021,218
5 May 2021,184
6 May 2021,169
7 May 2021,415
8 May 2021,257
9 May 2021,204
10 May 2021,166
11 May 2021,155
12 May 2021,149
13 May 2021,140
14 May 2021,131
15 May 2021,124
16 May 2021,196
17 May 2021,881
18 May 2021,1102
19 May 2021,600
20 May 2021,467
21 May 2021,376
22 May 2021,311
23 May 2021,319
24 May 2021,586
25 May 2021,627
26 May 2021,438
27 May 2021,349
28 May 2021,509
29 May 2021,424
30 May 2021,337
31 May 2021,296
1 June 2021,273
2 June 2021,246
3 June 2021,229
4 June 2021,227
5 June 2021,228
6 June 2021,606
7 June 2021,1342
8 June 2021,677
9 June 2021,524
10 June 2021,458
11 June 2021,447
12 June 2021,377
13 June 2021,340
14 June 2021,438
15 June 2021,619
16 June 2021,612
17 June 2021,479
18 June 2021,425
19 June 2021,391
20 June 2021,359
21 June 2021,2431
22 June 2021,1057
23 June 2021,1039
24 June 2021,663
25 June 2021,421
26 June 2021,340
27 June 2021,288
28 June 2021,260
29 June 2021,241
30 June 2021,225
1 July 2021,208
2 July 2021,195
3 July 2021,185
4 July 2021,179
5 July 2021,207
6 July 2021,3900
7 July 2021,1022
8 July 2021,638
9 July 2021,550
10 July 2021,456
11 July 2021,401
12 July 2021,359
13 July 2021,342
14 July 2021,317
15 July 2021,300
16 July 2021,279
17 July 2021,264
18 July 2021,264
19 July 2021,256
20 July 2021,253
21 July 2021,396
22 July 2021,407
23 July 2021,315
24 July 2021,276
25 July 2021,265
26 July 2021,290
27 July 2021,442
28 July 2021,992
29 July 2021,520
30 July 2021,447
31 July 2021,401
1 August 2021,370
2 August 2021,357
3 August 2021,344
4 August 2021,362
5 August 2021,521
6 August 2021,466
7 August 2021,528
8 August 2021,1333
9 August 2021,907
10 August 2021,775
11 August 2021,392
12 August 2021,396
13 August 2021,860
14 August 2021,897
15 August 2021,664
16 August 2021,604
17 August 2021,775
18 August 2021,786
19 August 2021,399
20 August 2021,384
21 August 2021,802
22 August 2021,896
23 August 2021,2080
24 August 2021,1235
25 August 2021,1001
26 August 2021,5000
27 August 2021,823
28 August 2021,747
29 August 2021,716
30 August 2021,693
31 August 2021,699
1 September 2021,399
2 September 2021,393
3 September 2021,987
4 September 2021,1718
5 September 2021,1658
6 September 2021,1083
7 September 2021,819
8 September 2021,721
9 September 2021,676
10 September 2021,663
11 September 2021,659
12 September 2021,973
13 September 2021,1361
14 September 2021,972
15 September 2021,815
16 September 2021,390
17 September 2021,383
18 September 2021,726
19 September 2021,1702
20 September 2021,1943
21 September 2021,1063
22 September 2021,935
23 September 2021,2742
24 September 2021,1591
25 September 2021,1238
26 September 2021,1649
27 September 2021,1355
28 September 2021,1235
29 September 2021,1332
30 September 2021,2218
1 October 2021,1233
2 October 2021,1337
3 October 2021,1009
4 October 2021,1246
5 October 2021,2173
6 October 2021,6516
7 October 2021,3647
8 October 2021,2116
9 October 2021,1123
10 October 2021,974
11 October 2021,908
12 October 2021,829
13 October 2021,1270
14 October 2021,897
15 October 2021,380
16 October 2021,391
17 October 2021,695
18 October 2021,2827
19 October 2021,3871
20 October 2021,1578
21 October 2021,1287
22 October 2021,1094
23 October 2021,952
24 October 2021,877
25 October 2021,831
26 October 2021,792
27 October 2021,791
28 October 2021,763
29 October 2021,753
30 October 2021,653
31 October 2021,607
1 November 2021,579
2 November 2021,557
3 November 2021,513
4 November 2021,390
5 November 2021,379
6 November 2021,528
7 November 2021,509
8 November 2021,740
9 November 2021,2831
10 November 2021,1549
11 November 2021,1006
12 November 2021,831
13 November 2021,718
14 November 2021,643
15 November 2021,568
16 November 2021,396
17 November 2021,389
18 November 2021,701
19 November 2021,648
20 November 2021,579
21 November 2021,531
22 November 2021,496
23 November 2021,469
24 November 2021,506
25 November 2021,546
26 November 2021,508
27 November 2021,474
28 November 2021,694
29 November 2021,492
30 November 2021,438
1 December 2021,407
2 December 2021,382
3 December 2021,356
4 December 2021,342
5 December 2021,335
6 December 2021,317
7 December 2021,296
8 December 2021,286
9 December 2021,277
10 December 2021,268
11 December 2021,248
12 December 2021,234
13 December 2021,230
14 December 2021,778
15 December 2021,591
16 December 2021,495
17 December 2021,369
18 December 2021,314
19 December 2021,280
20 December 2021,275
21 December 2021,440
22 December 2021,292
23 December 2021,261
24 December 2021,265
25 December 2021,357
26 December 2021,274
27 December 2021,437
28 December 2021,408
29 December 2021,327
30 December 2021,274
31 December 2021,250
1 January 2022,238
2 January 2022,286
3 January 2022,221
4 January 2022,199
5 January 2022,184
6 January 2022,172
7 January 2022,163
8 January 2022,205
9 January 2022,409
10 January 2022,322
11 January 2022,237
12 January 2022,211
13 January 2022,194
14 January 2022,176
15 January 2022,171
16 January 2022,157
17 January 2022,150
18 January 2022,140
19 January 2022,216
20 January 2022,167
21 January 2022,172
22 January 2022,276
23 January 2022,595
24 January 2022,341
25 January 2022,242
26 January 2022,202
27 January 2022,187
28 January 2022,222
29 January 2022,396
30 January 2022,311
31 January 2022,247
1 February 2022,314
2 February 2022,223
3 February 2022,190
4 February 2022,171
5 February 2022,155
6 February 2022,142
7 February 2022,138
8 February 2022,133
9 February 2022,137
10 February 2022,157
11 February 2022,151
12 February 2022,134
13 February 2022,130
14 February 2022,130
15 February 2022,119
16 February 2022,142
17 February 2022,135
18 February 2022,110
19 February 2022,107
20 February 2022,106
21 February 2022,100
22 February 2022,96
23 February 2022,95
24 February 2022,175
25 February 2022,176
26 February 2022,188
27 February 2022,151
28 February 2022,126
1 March 2022,126
2 March 2022,219
3 March 2022,213
4 March 2022,145
5 March 2022,121
6 March 2022,126
7 March 2022,187
8 March 2022,192
9 March 2022,239
10 March 2022,301
11 March 2022,663
12 March 2022,302
13 March 2022,213
14 March 2022,153
15 March 2022,121
16 March 2022,108
17 March 2022,103
18 March 2022,91
19 March 2022,114
20 March 2022,124
21 March 2022,117
22 March 2022,782
23 March 2022,313
24 March 2022,197
25 March 2022,161
26 March 2022,152
27 March 2022,196
28 March 2022,494
29 March 2022,295
30 March 2022,222
31 March 2022,189
1 April 2022,183
2 April 2022,174
3 April 2022,160
4 April 2022,151
5 April 2022,278
6 April 2022,314
7 April 2022,212
8 April 2022,181
9 April 2022,165
10 April 2022,159
11 April 2022,153
12 April 2022,778
13 April 2022,967
14 April 2022,1027
15 April 2022,683
16 April 2022,559
17 April 2022,510
18 April 2022,461
19 April 2022,429
20 April 2022,398
21 April 2022,371
22 April 2022,355
23 April 2022,369
24 April 2022,464
25 April 2022,377
26 April 2022,340
27 April 2022,330
28 April 2022,307
29 April 2022,295
30 April 2022,337
1 May 2022,169
2 May 2022,156
3 May 2022,147
4 May 2022,144
5 May 2022,399
6 May 2022,373
7 May 2022,203
8 May 2022,192
9 May 2022,183
10 May 2022,165
11 May 2022,166
12 May 2022,139
13 May 2022,143
14 May 2022,167
15 May 2022,156
16 May 2022,144
17 May 2022,138
18 May 2022,137
19 May 2022,128
20 May 2022,125
21 May 2022,127
22 May 2022,124
23 May 2022,214
24 May 2022,130
25 May 2022,122
26 May 2022,291
27 May 2022,216
28 May 2022,184
29 May 2022,230
30 May 2022,1610
31 May 2022,2061
1 June 2022,766
2 June 2022,490
3 June 2022,410
4 June 2022,365
5 June 2022,333
6 June 2022,280
7 June 2022,309
8 June 2022,278
9 June 2022,257
10 June 2022,245
11 June 2022,244
12 June 2022,239
13 June 2022,217
14 June 2022,209
15 June 2022,199
16 June 2022,219
17 June 2022,1261
18 June 2022,714
19 June 2022,491
20 June 2022,255
21 June 2022,392
22 June 2022,351
23 June 2022,333
24 June 2022,320
25 June 2022,292
26 June 2022,852
27 June 2022,522
28 June 2022,389
29 June 2022,348
30 June 2022,332
1 July 2022,320
2 July 2022,297
3 July 2022,286
4 July 2022,281
5 July 2022,266
6 July 2022,268
7 July 2022,257
8 July 2022,254
9 July 2022,236
10 July 2022,240
11 July 2022,763
12 July 2022,394
13 July 2022,377
14 July 2022,3004
15 July 2022,1090
16 July 2022,761
17 July 2022,583
18 July 2022,571
19 July 2022,590
20 July 2022,480
21 July 2022,397
22 July 2022,391
23 July 2022,422
24 July 2022,398
25 July 2022,394
26 July 2022,367
27 July 2022,343
28 July 2022,332
29 July 2022,356
30 July 2022,441
31 July 2022,482
1 August 2022,544
2 August 2022,480
3 August 2022,542
4 August 2022,475
5 August 2022,391
6 August 2022,371
7 August 2022,387
8 August 2022,331
9 August 2022,320
10 August 2022,347
11 August 2022,545
12 August 2022,406
13 August 2022,372
14 August 2022,366
15 August 2022,442
16 August 2022,481
17 August 2022,388
18 August 2022,937
19 August 2022,1993
20 August 2022,819
21 August 2022,537
22 August 2022,480
23 August 2022,458
24 August 2022,450
25 August 2022,446
26 August 2022,430
27 August 2022,424
28 August 2022,408
29 August 2022,398
30 August 2022,399
31 August 2022,391
1 September 2022,419
2 September 2022,831
3 September 2022,1039
4 September 2022,1788
5 September 2022,3179
6 September 2022,2090
7 September 2022,2678
8 September 2022,1657
9 September 2022,1446
10 September 2022,1092
11 September 2022,1349
12 September 2022,1060
13 September 2022,1004
14 September 2022,1082
15 September 2022,650
16 September 2022,933
17 September 2022,740
18 September 2022,638
19 September 2022,617
20 September 2022,590
21 September 2022,690
22 September 2022,709
23 September 2022,718
24 September 2022,689
25 September 2022,650
26 September 2022,670
27 September 2022,672
28 September 2022,702
29 September 2022,608
30 September 2022,550
1 October 2022,391
2 October 2022,385
3 October 2022,565
4 October 2022,762
5 October 2022,779
6 October 2022,1041
7 October 2022,1811
8 October 2022,918
9 October 2022,747
10 October 2022,1340
11 October 2022,3059
12 October 2022,4339
13 October 2022,2925
14 October 2022,2248
15 October 2022,1192
16 October 2022,976
17 October 2022,730
18 October 2022,725
19 October 2022,976
20 October 2022,766
21 October 2022,504
22 October 2022,836
23 October 2022,996
24 October 2022,2143
25 October 2022,769
26 October 2022,656
27 October 2022,883
28 October 2022,707
29 October 2022,565
30 October 2022,848
31 October 2022,3910
1 November 2022,1420
2 November 2022,1389
3 November 2022,812
4 November 2022,675
5 November 2022,871
6 November 2022,385
7 November 2022,395
8 November 2022,713
9 November 2022,845
10 November 2022,989
11 November 2022,1177
12 November 2022,796
13 November 2022,839
14 November 2022,2384
15 November 2022,1602
16 November 2022,941
17 November 2022,768
18 November 2022,673
19 November 2022,619
20 November 2022,500
21 November 2022,424
22 November 2022,502
23 November 2022,461
24 November 2022,407
25 November 2022,395
26 November 2022,388
27 November 2022,429
28 November 2022,654
29 November 2022,1134
30 November 2022,937
1 December 2022,2832
2 December 2022,1153
3 December 2022,946
4 December 2022,871
5 December 2022,662
6 December 2022,438
7 December 2022,574
8 December 2022,1300
9 December 2022,1995
10 December 2022,1980
11 December 2022,1600
12 December 2022,1050
13 December 2022,743
14 December 2022,608
15 December 2022,454
16 December 2022,608
17 December 2022,428
18 December 2022,698
19 December 2022,742
20 December 2022,1861
21 December 2022,752
22 December 2022,474
23 December 2022,342
24 December 2022,373
25 December 2022,379
26 December 2022,386
27 December 2022,665
28 December 2022,432
29 December 2022,356
30 December 2022,346
31 December 2022,349
1 January 2023,404
2 January 2023,279
3 January 2023,328
4 January 2023,324
5 January 2023,363
6 January 2023,297
7 January 2023,215
8 January 2023,269
9 January 2023,282
10 January 2023,698
11 January 2023,280
12 January 2023,263
13 January 2023,256
14 January 2023,237
15 January 2023,228
16 January 2023,229
17 January 2023,342
18 January 2023,306
19 January 2023,289
20 January 2023,272
21 January 2023,253
22 January 2023,254
23 January 2023,208
24 January 2023,265
25 January 2023,824
26 January 2023,380
27 January 2023,202
28 January 2023,155
29 January 2023,166
30 January 2023,170
31 January 2023,160
1 February 2023,187
2 February 2023,305
3 February 2023,173
4 February 2023,121
5 February 2023,150
6 February 2023,95
7 February 2023,90
8 February 2023,105
9 February 2023,326
10 February 2023,167
11 February 2023,216
12 February 2023,191
13 February 2023,105
14 February 2023,100
15 February 2023,95
16 February 2023,203
17 February 2023,185
18 February 2023,169
19 February 2023,157
20 February 2023,150
21 February 2023,389
22 February 2023,255
23 February 2023,184
24 February 2023,180
25 February 2023,214
26 February 2023,183
27 February 2023,164
28 February 2023,166
1 March 2023,258
2 March 2023,179
3 March 2023,197
4 March 2023,176
5 March 2023,167
6 March 2023,158
7 March 2023,159
8 March 2023,255
9 March 2023,325
10 March 2023,290
11 March 2023,184
12 March 2023,182
13 March 2023,171
14 March 2023,141
15 March 2023,122
16 March 2023,105
17 March 2023,102
18 March 2023,160
19 March 2023,198
20 March 2023,185
21 March 2023,615
22 March 2023,1916
23 March 2023,959
24 March 2023,591
25 March 2023,385
26 March 2023,317
27 March 2023,312
28 March 2023,305
29 March 2023,272
30 March 2023,167
31 March 2023,221
1 April 2023,183
2 April 2023,198
3 April 2023,164
4 April 2023,192
5 April 2023,212
6 April 2023,273
7 April 2023,184
8 April 2023,193
9 April 2023,186
10 April 2023,176
11 April 2023,170
12 April 2023,165
13 April 2023,165
14 April 2023,278
15 April 2023,221
16 April 2023,185
17 April 2023,172
18 April 2023,163
19 April 2023,101
20 April 2023,95
21 April 2023,100
22 April 2023,142
23 April 2023,140
24 April 2023,151
25 April 2023,150
26 April 2023,90
27 April 2023,95
28 April 2023,101
29 April 2023,139
30 April 2023,137
1 May 2023,104
2 May 2023,92
3 May 2023,87
4 May 2023,100
5 May 2023,114
6 May 2023,127
7 May 2023,170
8 May 2023,257
9 May 2023,204
10 May 2023,167
11 May 2023,155
12 May 2023,150
13 May 2023,141
14 May 2023,95
15 May 2023,100
16 May 2023,196
17 May 2023,882
18 May 2023,5000
19 May 2023,2039
20 May 2023,1010
21 May 2023,827
22 May 2023,697
23 May 2023,582
24 May 2023,481
25 May 2023,389
26 May 2023,306
27 May 2023,230
28 May 2023,134
29 May 2023,95
30 May 2023,90
31 May 2023,95
1 June 2023,100
2 June 2023,134
3 June 2023,361
4 June 2023,150
5 June 2023,95
6 June 2023,90
7 June 2023,146
8 June 2023,480
9 June 2023,254
10 June 2023,166
11 June 2023,132
12 June 2023,177
13 June 2023,122
14 June 2023,139
15 June 2023,121
16 June 2023,123
17 June 2023,107
18 June 2023,92
19 June 2023,87
20 June 2023,90
21 June 2023,2931
22 June 2023,1308
23 June 2023,1039
24 June 2023,664
25 June 2023,422
26 June 2023,341
27 June 2023,289
28 June 2023,260
29 June 2023,241
30 June 2023,225
1 July 2023,208
2 July 2023,196
3 July 2023,185
4 July 2023,180
5 July 2023,208
6 July 2023,4099
7 July 2023,1022
8 July 2023,638
9 July 2023,551
10 July 2023,457
11 July 2023,402
12 July 2023,360
13 July 2023,343
14 July 2023,317
15 July 2023,300
16 July 2023,280
17 July 2023,264
18 July 2023,264
19 July 2023,257
20 July 2023,253
21 July 2023,396
22 July 2023,407
23 July 2023,316
24 July 2023,277
25 July 2023,266
26 July 2023,291
27 July 2023,443
28 July 2023,1343
29 July 2023,662
30 July 2023,447
31 July 2023,401
1 August 2023,371
2 August 2023,358
3 August 2023,345
4 August 2023,362
5 August 2023,521
6 August 2023,467
7 August 2023,528
8 August 2023,1734
9 August 2023,908
10 August 2023,626
11 August 2023,563
12 August 2023,586
13 August 2023,760
14 August 2023,808
15 August 2023,665
16 August 2023,584
17 August 2023,676
18 August 2023,805
19 August 2023,816
20 August 2023,739
21 August 2023,802
22 August 2023,3919
23 August 2023,2080
24 August 2023,1236
25 August 2023,1002
26 August 2023,896
27 August 2023,824
28 August 2023,748
29 August 2023,717
30 August 2023,694
31 August 2023,700
1 September 2023,700
2 September 2023,684
3 September 2023,687
4 September 2023,1618
5 September 2023,1559
6 September 2023,993
7 September 2023,820
8 September 2023,722
9 September 2023,677
10 September 2023,663
11 September 2023,659
12 September 2023,973
13 September 2023,1361
14 September 2023,972
15 September 2023,816
16 September 2023,727
17 September 2023,688
18 September 2023,678
19 September 2023,1702
20 September 2023,3827
21 September 2023,1579
22 September 2023,1288
23 September 2023,1943
24 September 2023,1063
25 September 2023,1516
26 September 2023,1650
27 September 2023,1355
28 September 2023,1236
29 September 2023,1332
30 September 2023,1260
1 October 2023,1234
2 October 2023,1338
3 October 2023,2218
4 October 2023,1247
5 October 2023,936
6 October 2023,663
7 October 2023,991
8 October 2023,1239
9 October 2023,1123
10 October 2023,974
11 October 2023,909
12 October 2023,1258
13 October 2023,2743
14 October 2023,1677
15 October 2023,846
16 October 2023,781
17 October 2023,1864
18 October 2023,5000
19 October 2023,2218
20 October 2023,2117
21 October 2023,1094
22 October 2023,953
23 October 2023,878
24 October 2023,832
25 October 2023,792
26 October 2023,791
27 October 2023,763
28 October 2023,696
29 October 2023,753
30 October 2023,654
31 October 2023,608
1 November 2023,579
2 November 2023,557
3 November 2023,772
4 November 2023,1652
5 November 2023,1989
6 November 2023,1229
7 November 2023,1097
8 November 2023,1057
9 November 2023,987
10 November 2023,2832
11 November 2023,1549
12 November 2023,1006
13 November 2023,831
14 November 2023,1006
15 November 2023,831
16 November 2023,718
17 November 2023,643
18 November 2023,641
19 November 2023,648
20 November 2023,579
21 November 2023,531
22 November 2023,497
23 November 2023,470
24 November 2023,506
25 November 2023,547
26 November 2023,509
27 November 2023,474
28 November 2023,695
29 November 2023,493
30 November 2023,438
1 December 2023,408
2 December 2023,383
3 December 2023,356
4 December 2023,342
5 December 2023,335
6 December 2023,317
7 December 2023,296
8 December 2023,286
9 December 2023,278
10 December 2023,269
11 December 2023,249
12 December 2023,235
13 December 2023,231
14 December 2023,779
15 December 2023,591
16 December 2023,496
17 December 2023,370
18 December 2023,314
19 December 2023,281
20 December 2023,275
21 December 2023,440
22 December 2023,292
23 December 2023,261
24 December 2023,266
25 December 2023,357
26 December 2023,275
27 December 2023,437
28 December 2023,408
29 December 2023,327
30 December 2023,274
31 December 2023,251
1 January 2024,247
2 January 2024,189
3 January 2024,184
4 January 2024,192
5 January 2024,537
6 January 2024,339
7 January 2024,238
8 January 2024,209
9 January 2024,177
10 January 2024,158
11 January 2024,146
12 January 2024,134
13 January 2024,126
14 January 2024,116
15 January 2024,108
16 January 2024,105
17 January 2024,108
18 January 2024,106
19 January 2024,198
20 January 2024,185
21 January 2024,151
22 January 2024,138
23 January 2024,137
24 January 2024,137
25 January 2024,139
26 January 2024,153
27 January 2024,185
28 January 2024,149
29 January 2024,218
30 January 2024,1554
31 January 2024,473
1 February 2024,279
2 February 2024,329
3 February 2024,238
4 February 2024,203
5 February 2024,188
6 February 2024,1455
7 February 2024,758
8 February 2024,491
9 February 2024,387
10 February 2024,334
11 February 2024,296
12 February 2024,366
13 February 2024,397
14 February 2024,287
15 February 2024,249
16 February 2024,226
17 February 2024,215
18 February 2024,204
19 February 2024,191
20 February 2024,180
21 February 2024,175
22 February 2024,169
23 February 2024,166
24 February 2024,170
25 February 2024,164
26 February 2024,161
27 February 2024,147
28 February 2024,599
29 February 2024,1955
1 March 2024,758
2 March 2024,491
3 March 2024,387
4 March 2024,296
5 March 2024,235
6 March 2024,115
7 March 2024,113
8 March 2024,110
9 March 2024,107
10 March 2024,106
11 March 2024,105
12 March 2024,108
13 March 2024,113
14 March 2024,413
15 March 2024,230
16 March 2024,155
17 March 2024,144
18 March 2024,143
19 March 2024,213
20 March 2024,299
21 March 2024,780
22 March 2024,497
23 March 2024,1784
24 March 2024,1160
25 March 2024,915
26 March 2024,651
27 March 2024,463
28 March 2024,638
29 March 2024,409
30 March 2024,329
31 March 2024,317
1 April 2024,294
2 April 2024,272
3 April 2024,251
4 April 2024,237
5 April 2024,222
6 April 2024,216
7 April 2024,228
8 April 2024,243
9 April 2024,214
10 April 2024,207
11 April 2024,224
12 April 2024,227
13 April 2024,237
14 April 2024,211
15 April 2024,200
16 April 2024,189
17 April 2024,184
18 April 2024,218
19 April 2024,1554
20 April 2024,473
21 April 2024,279
22 April 2024,217
23 April 2024,189
24 April 2024,176
25 April 2024,169
26 April 2024,164
27 April 2024,156
28 April 2024,151
29 April 2024,151
30 April 2024,149
1 May 2024,132
2 May 2024,105
3 May 2024,103
4 May 2024,96
5 May 2024,96
6 May 2024,97
7 May 2024,110
8 May 2024,115
9 May 2024,101
10 May 2024,97
11 May 2024,124
12 May 2024,107
13 May 2024,105
14 May 2024,1104
15 May 2024,385
16 May 2024,227
17 May 2024,91
18 May 2024,449
19 May 2024,289
20 May 2024,300
21 May 2024,231
22 May 2024,117
23 May 2024,237
24 May 2024,185
25 May 2024,88
26 May 2024,86
27 May 2024,87
28 May 2024,191
29 May 2024,180
30 May 2024,185
31 May 2024,147
1 June 2024,164
2 June 2024,152
3 June 2024,146
4 June 2024,154
5 June 2024,153
6 June 2024,143
7 June 2024,131
8 June 2024,129
9 June 2024,132
10 June 2024,133
11 June 2024,124
12 June 2024,130
13 June 2024,123
14 June 2024,122
15 June 2024,155
16 June 2024,165
17 June 2024,142
18 June 2024,275
19 June 2024,208
20 June 2024,179
21 June 2024,142
22 June 2024,351
23 June 2024,133
24 June 2024,219
25 June 2024,406
26 June 2024,1137
27 June 2024,2977
28 June 2024,860
29 June 2024,512
30 June 2024,368
1 July 2024,413
2 July 2024,1045
3 July 2024,812
4 July 2024,585
5 July 2024,538
6 July 2024,479
7 July 2024,449
8 July 2024,409
9 July 2024,282
10 July 2024,403
11 July 2024,528
12 July 2024,315
13 July 2024,397
14 July 2024,367
15 July 2024,302
16 July 2024,273
17 July 2024,266
18 July 2024,249
19 July 2024,241
20 July 2024,257
21 July 2024,383
22 July 2024,317
23 July 2024,462
24 July 2024,703
25 July 2024,1489
26 July 2024,398
27 July 2024,263
28 July 2024,254
29 July 2024,313
30 July 2024,316
31 July 2024,249
1 August 2024,201
2 August 2024,292
3 August 2024,275
4 August 2024,300
5 August 2024,685
6 August 2024,398
7 August 2024,322
8 August 2024,324
9 August 2024,273
10 August 2024,184
11 August 2024,195
12 August 2024,270
13 August 2024,255
14 August 2024,270
15 August 2024,645
16 August 2024,1598
17 August 2024,889
18 August 2024,324
19 August 2024,363
20 August 2024,1267
21 August 2024,3549
22 August 2024,1380
23 August 2024,811
24 August 2024,1274
25 August 2024,1086
26 August 2024,780
27 August 2024,279
28 August 2024,4935
29 August 2024,1348
30 August 2024,1965
31 August 2024,1043
1 September 2024,1042
2 September 2024,813
3 September 2024,739
4 September 2024,2403
5 September 2024,1072
6 September 2024,790
7 September 2024,892
8 September 2024,908
9 September 2024,802
10 September 2024,773
11 September 2024,673
12 September 2024,632
13 September 2024,761
14 September 2024,860
15 September 2024,723
16 September 2024,656
17 September 2024,732
18 September 2024,1022
19 September 2024,3135
20 September 2024,1720
21 September 2024,1397
22 September 2024,1749
23 September 2024,1099
24 September 2024,1197
25 September 2024,1223
26 September 2024,2488
27 September 2024,1427
28 September 2024,1231
29 September 2024,1213
30 September 2024,1139
1 October 2024,1121
2 October 2024,1599
3 October 2024,3917
4 October 2024,1815
5 October 2024,1161
6 October 2024,1035
7 October 2024,1454
8 October 2024,1034
9 October 2024,882
10 October 2024,938
11 October 2024,912
12 October 2024,783
13 October 2024,734
14 October 2024,2923
15 October 2024,1471
16 October 2024,1098
17 October 2024,950
18 October 2024,1129
19 October 2024,1750
20 October 2024,1174
21 October 2024,1028
22 October 2024,1213
23 October 2024,4200
24 October 2024,3525
25 October 2024,1954
26 October 2024,1312
27 October 2024,1269
28 October 2024,1309
29 October 2024,1221
30 October 2024,1218
31 October 2024,1446
1 November 2024,1179
2 November 2024,1176
3 November 2024,1185
4 November 2024,944
5 November 2024,752
6 November 2024,649
7 November 2024,599
8 November 2024,578
9 November 2024,560
10 November 2024,535
11 November 2024,516
12 November 2024,512
13 November 2024,1550
14 November 2024,445
15 November 2024,430
16 November 2024,405
17 November 2024,375
18 November 2024,339
19 November 2024,325
20 November 2024,1608
21 November 2024,2410
22 November 2024,751
23 November 2024,457
24 November 2024,375
25 November 2024,398
26 November 2024,378
27 November 2024,1287
28 November 2024,525
29 November 2024,438
30 November 2024,570
1 December 2024,1659
2 December 2024,420
3 December 2024,354
4 December 2024,232
5 December 2024,295
6 December 2024,277
7 December 2024,259
8 December 2024,246
9 December 2024,392
10 December 2024,275
11 December 2024,317
12 December 2024,268
13 December 2024,233
14 December 2024,216
15 December 2024,201
16 December 2024,183
17 December 2024,169
18 December 2024,514
19 December 2024,258
20 December 2024,205
21 December 2024,181
22 December 2024,163
23 December 2024,153
24 December 2024,145
25 December 2024,558
26 December 2024,646
27 December 2024,288
28 December 2024,304
29 December 2024,228
30 December 2024,193
31 December 2024,169
1 January 2025,538
2 January 2025,630
3 January 2025,413
4 January 2025,293
5 January 2025,241
6 January 2025,220
7 January 2025,196
8 January 2025,177
9 January 2025,162
10 January 2025,150
11 January 2025,275
12 January 2025,252
13 January 2025,257
14 January 2025,299
15 January 2025,269
16 January 2025,229
17 January 2025,214
18 January 2025,209
19 January 2025,290
20 January 2025,241
21 January 2025,201
22 January 2025,288
23 January 2025,159
24 January 2025,240
25 January 2025,290
26 January 2025,204
27 January 2025,223
28 January 2025,352
29 January 2025,290
30 January 2025,147
31 January 2025,125
1 February 2025,135
2 February 2025,130
3 February 2025,110
4 February 2025,98
5 February 2025,126
6 February 2025,148
7 February 2025,125
8 February 2025,126
9 February 2025,102
10 February 2025,149
11 February 2025,138
12 February 2025,131
13 February 2025,142
14 February 2025,123
15 February 2025,94
16 February 2025,104
17 February 2025,145
18 February 2025,144
19 February 2025,143
20 February 2025,138
21 February 2025,134
22 February 2025,131
23 February 2025,145
24 February 2025,147
25 February 2025,350
26 February 2025,2050
27 February 2025,896
28 February 2025,462
1 March 2025,292
2 March 2025,197
3 March 2025,233
4 March 2025,194
5 March 2025,196
6 March 2025,382
7 March 2025,193
8 March 2025,212
9 March 2025,165
10 March 2025,171
11 March 2025,215
12 March 2025,370
13 March 2025,241
14 March 2025,220
15 March 2025,206
16 March 2025,195
17 March 2025,177
18 March 2025,1380
19 March 2025,587
20 March 2025,154
21 March 2025,217
22 March 2025,227
23 March 2025,201
24 March 2025,287
25 March 2025,166
26 March 2025,162
27 March 2025,409
28 March 2025,672
29 March 2025,192
30 March 2025,217
31 March 2025,249
1 April 2025,172
2 April 2025,149
3 April 2025,146
4 April 2025,132
5 April 2025,140
6 April 2025,135
7 April 2025,252
8 April 2025,218
9 April 2025,207
10 April 2025,256
11 April 2025,242
12 April 2025,307
13 April 2025,206
14 April 2025,150
15 April 2025,144
16 April 2025,128
17 April 2025,135
18 April 2025,234
19 April 2025,433
20 April 2025,229
21 April 2025,220
22 April 2025,236
23 April 2025,1108
24 April 2025,641
25 April 2025,1304
26 April 2025,448
27 April 2025,356
28 April 2025,247
29 April 2025,290
30 April 2025,396
1 May 2025,253
2 May 2025,195
3 May 2025,158
4 May 2025,148
5 May 2025,130
6 May 2025,120
7 May 2025,163
8 May 2025,137
9 May 2025,197
10 May 2025,189
11 May 2025,203
12 May 2025,244
13 May 2025,455
14 May 2025,346
15 May 2025,295
16 May 2025,187
17 May 2025,145
18 May 2025,154
19 May 2025,201
20 May 2025,173
21 May 2025,145
22 May 2025,150
23 May 2025,204
24 May 2025,1000
25 May 2025,600
26 May 2025,533
27 May 2025,528
28 May 2025,288
29 May 2025,359
30 May 2025,166
31 May 2025,234
1 June 2025,288
2 June 2025,262
3 June 2025,190
4 June 2025,210
5 June 2025,815
6 June 2025,585
7 June 2025,387
8 June 2025,263
9 June 2025,232
10 June 2025,193
11 June 2025,249
12 June 2025,201
13 June 2025,169
14 June 2025,642
15 June 2025,364
16 June 2025,300
17 June 2025,207
18 June 2025,218
19 June 2025,205
20 June 2025,194
21 June 2025,213
22 June 2025,216
23 June 2025,264
24 June 2025,278
25 June 2025,763
26 June 2025,598
27 June 2025,414
28 June 2025,287
29 June 2025,232
30 June 2025,211
1 July 2025,305
2 July 2025,245
3 July 2025,1100
4 July 2025,550
5 July 2025,468
6 July 2025,216
7 July 2025,247
8 July 2025,276
9 July 2025,363
10 July 2025,614
11 July 2025,376
12 July 2025,324
13 July 2025,247
14 July 2025,225
15 July 2025,218
16 July 2025,204
17 July 2025,215
18 July 2025,222
19 July 2025,246
20 July 2025,591
21 July 2025,382
22 July 2025,261
23 July 2025,199
24 July 2025,226
25 July 2025,224
26 July 2025,203
27 July 2025,387
28 July 2025,190
29 July 2025,204
30 July 2025,240
31 July 2025,332
1 August 2025,315
2 August 2025,246
3 August 2025,218
4 August 2025,204
5 August 2025,515
6 August 2025,336
7 August 2025,304
8 August 2025,251
9 August 2025,254
10 August 2025,223
11 August 2025,627
12 August 2025,388
13 August 2025,346
14 August 2025,275
15 August 2025,248
16 August 2025,267
17 August 2025,1058
18 August 2025,804
19 August 2025,611
20 August 2025,532
21 August 2025,436
22 August 2025,412
23 August 2025,345
24 August 2025,313
25 August 2025,325
26 August 2025,474
27 August 2025,528
28 August 2025,1650
29 August 2025,944
30 August 2025,859
31 August 2025,717
1 September 2025,515
2 September 2025,432
3 September 2025,420
4 September 2025,387
5 September 2025,405
6 September 2025,786
7 September 2025,603
8 September 2025,553
9 September 2025,501
10 September 2025,438
11 September 2025,376
12 September 2025,579
13 September 2025,507
14 September 2025,438
15 September 2025,585
16 September 2025,818
17 September 2025,2000
18 September 2025,1473
19 September 2025,1356
20 September 2025,1002
21 September 2025,987
22 September 2025,906
23 September 2025,841
24 September 2025,876
25 September 2025,897
26 September 2025,963
27 September 2025,906
28 September 2025,987
29 September 2025,1180
30 September 2025,1360
1 October 2025,1460
2 October 2025,3500
3 October 2025,1800
4 October 2025,1295
5 October 2025,1130
6 October 2025,1086
7 October 2025,996
8 October 2025,933
9 October 2025,820
10 October 2025,853
11 October 2025,960
12 October 2025,1000
13 October 2025,1240
14 October 2025,1680
15 October 2025,5000
16 October 2025,2500
17 October 2025,1998
18 October 2025,1576
19 October 2025,978
20 October 2025,990
21 October 2025,1008
22 October 2025,1100
23 October 2025,2400
24 October 2025,2000
25 October 2025,1460
26 October 2025,1204
27 October 2025,986
28 October 2025,940
29 October 2025,888
30 October 2025,846
31 October 2025,836
1 November 2025,787
2 November 2025,795
3 November 2025,808
4 November 2025,834
5 November 2025,914
6 November 2025,1705
7 November 2025,1000
8 November 2025,740
9 November 2025,695
10 November 2025,648
11 November 2025,542
12 November 2025,576
13 November 2025,540
14 November 2025,496
15 November 2025,448
16 November 2025,908
17 November 2025,736
18 November 2025,648
19 November 2025,534
20 November 2025,426
21 November 2025,377
22 November 2025,340
23 November 2025,316
24 November 2025,290
25 November 2025,280
26 November 2025,260
27 November 2025,262
28 November 2025,249
29 November 2025,588
30 November 2025,368
1 December 2025,317
2 December 2025,231
3 December 2025,200
4 December 2025,197
5 December 2025,194
6 December 2025,842
7 December 2025,679
8 December 2025,490
9 December 2025,398
10 December 2025,276
11 December 2025,221
12 December 2025,147
13 December 2025,153
14 December 2025,146
15 December 2025,144
16 December 2025,149
17 December 2025,145
18 December 2025,147
19 December 2025,158
20 December 2025,772
21 December 2025,591
22 December 2025,481
23 December 2025,404
24 December 2025,321
25 December 2025,266
26 December 2025,199
27 December 2025,144
28 December 2025,153
29 December 2025,151
30 December 2025,272
31 December 2025,237
1 January 2026,150
2 January 2026,133
3 January 2026,117
4 January 2026,131
5 January 2026,451
6 January 2026,284
7 January 2026,243
8 January 2026,196
9 January 2026,122
10 January 2026,127
11 January 2026,124
12 January 2026,118
13 January 2026,129
14 January 2026,125
15 January 2026,123
16 January 2026,143
17 January 2026,246
18 January 2026,359
19 January 2026,1400
20 January 2026,1356
21 January 2026,1184
22 January 2026,1081
23 January 2026,976
24 January 2026,962
25 January 2026,904
26 January 2026,793
27 January 2026,630
28 January 2026,438
29 January 2026,361
30 January 2026,287
31 January 2026,257
1 February 2026,163
2 February 2026,118
3 February 2026,120
4 February 2026,102
5 February 2026,101
6 February 2026,106
7 February 2026,105
8 February 2026,100
9 February 2026,103
10 February 2026,103
11 February 2026,148
12 February 2026,152
13 February 2026,150
14 February 2026,150
15 February 2026,150
16 February 2026,150
17 February 2026,150
18 February 2026,155
19 February 2026,392
20 February 2026,687
21 February 2026,606
22 February 2026,489
23 February 2026,381
24 February 2026,310
25 February 2026,264
26 February 2026,188
27 February 2026,153
28 February 2026,104
1 March 2026,100
2 March 2026,107
3 March 2026,102
4 March 2026,111
5 March 2026,355
6 March 2026,204
7 March 2026,147
8 March 2026,101
9 March 2026,105
10 March 2026,109
11 March 2026,136
12 March 2026,204
13 March 2026,201
14 March 2026,478
15 March 2026,412
16 March 2026,276
17 March 2026,250
18 March 2026,199
19 March 2026,136
20 March 2026,122
21 March 2026,124
22 March 2026,108
23 March 2026,109
24 March 2026,102
25 March 2026,104
26 March 2026,586
27 March 2026,1400
28 March 2026,600
29 March 2026,402
30 March 2026,187
31 March 2026,198
1 April 2026,507
2 April 2026,381
3 April 2026,279
4 April 2026,250
5 April 2026,189
6 April 2026,243
7 April 2026,261
8 April 2026,245
9 April 2026,418
10 April 2026,356
11 April 2026,278
12 April 2026,253
13 April 2026,201
14 April 2026,198
15 April 2026,215
16 April 2026,203
17 April 2026,237
18 April 2026,417
19 April 2026,289
20 April 2026,264
21 April 2026,193
22 April 2026,207
23 April 2026,208
24 April 2026,195
25 April 2026,196
26 April 2026,419
27 April 2026,1100
28 April 2026,600
29 April 2026,396
30 April 2026,287
1 May 2026,142
2 May 2026,1239
3 May 2026,461
4 May 2026,312
5 May 2026,1577
6 May 2026,797
7 May 2026,489
8 May 2026,275
9 May 2026,225
10 May 2026,269
11 May 2026,266
12 May 2026,225
13 May 2026,197
14 May 2026,188
15 May 2026,182
16 May 2026,175
17 May 2026,169
18 May 2026,165
19 May 2026,163
20 May 2026,188
21 May 2026,177
22 May 2026,158
23 May 2026,150
24 May 2026,166
25 May 2026,373
26 May 2026,286
27 May 2026,472
28 May 2026,319
29 May 2026,242
30 May 2026,267
31 May 2026,310
1 June 2026,254
2 June 2026,243
3 June 2026,234
4 June 2026,1820
5 June 2026,820
6 June 2026,520
7 June 2026,215
8 June 2026,204
9 June 2026,206
10 June 2026,464
11 June 2026,734
12 June 2026,1180
13 June 2026,780
14 June 2026,450
15 June 2026,410
16 June 2026,327
17 June 2026,257
18 June 2026,314
19 June 2026,294
20 June 2026,316
21 June 2026,297
22 June 2026,290
23 June 2026,284
24 June 2026,277
25 June 2026,246
26 June 2026,225
27 June 2026,212
28 June 2026,244
29 June 2026,243
30 June 2026,643
1 July 2026,344
2 July 2026,289
3 July 2026,275
4 July 2026,264
5 July 2026,264
6 July 2026,259
7 July 2026,243
8 July 2026,304
9 July 2026,337
10 July 2026,418
11 July 2026,316
12 July 2026,291
13 July 2026,282
14 July 2026,281
15 July 2026,277
16 July 2026,379
17 July 2026,360
18 July 2026,337
19 July 2026,310
20 July 2026,298
21 July 2026,288
22 July 2026,295
23 July 2026,291
24 July 2026,268
25 July 2026,345
26 July 2026,529
27 July 2026,1710
28 July 2026,2430
29 July 2026,1830
30 July 2026,920
31 July 2026,510
1 August 2026,305
2 August 2026,267
3 August 2026,260
4 August 2026,258
5 August 2026,265
6 August 2026,293
7 August 2026,239
8 August 2026,392
9 August 2026,339
10 August 2026,252
11 August 2026,255
12 August 2026,272
13 August 2026,254
14 August 2026,422
15 August 2026,346
16 August 2026,313
17 August 2026,337
18 August 2026,585
19 August 2026,1986
20 August 2026,1030
21 August 2026,640
22 August 2026,403
23 August 2026,333
24 August 2026,382
25 August 2026,482
26 August 2026,428
27 August 2026,347
28 August 2026,314
29 August 2026,291
30 August 2026,567
31 August 2026,464
1 September 2026,396
2 September 2026,355
3 September 2026,361
4 September 2026,387
5 September 2026,374
6 September 2026,450
7 September 2026,597
8 September 2026,738
9 September 2026,1580
10 September 2026,3046
11 September 2026,1492
12 September 2026,868
13 September 2026,690
14 September 2026,580
15 September 2026,534
16 September 2026,811
17 September 2026,795
18 September 2026,582
19 September 2026,546
20 September 2026,490
21 September 2026,450
22 September 2026,450
23 September 2026,470
24 September 2026,430
25 September 2026,400
26 September 2026,415
27 September 2026,437
28 September 2026,737
29 September 2026,858
30 September 2026,976
1 October 2026,1530
2 October 2026,755
3 October 2026,1246
4 October 2026,1156
5 October 2026,925
6 October 2026,727
7 October 2026,639
8 October 2026,653
9 October 2026,685
10 October 2026,611
11 October 2026,544
12 October 2026,450
13 October 2026,370
14 October 2026,319
15 October 2026,561
16 October 2026,686
17 October 2026,795
18 October 2026,674
19 October 2026,570
20 October 2026,493
21 October 2026,477
22 October 2026,482
23 October 2026,503
24 October 2026,491
25 October 2026,517
26 October 2026,632
27 October 2026,501
28 October 2026,458
29 October 2026,388
30 October 2026,379
31 October 2026,369
1 November 2026,377
2 November 2026,416
3 November 2026,971
4 November 2026,785
5 November 2026,592
6 November 2026,474
7 November 2026,420
8 November 2026,698
9 November 2026,602
10 November 2026,545
11 November 2026,536
12 November 2026,444
13 November 2026,450
14 November 2026,408
15 November 2026,409
16 November 2026,391
17 November 2026,349
18 November 2026,320
19 November 2026,308
20 November 2026,306
21 November 2026,280
22 November 2026,295
23 November 2026,272
24 November 2026,236
25 November 2026,239
26 November 2026,237
27 November 2026,308
28 November 2026,274
29 November 2026,213
30 November 2026,201
1 December 2026,172
2 December 2026,172
3 December 2026,189
4 December 2026,164
5 December 2026,169
6 December 2026,176
7 December 2026,165
8 December 2026,175
9 December 2026,188
10 December 2026,190
11 December 2026,171
12 December 2026,166
13 December 2026,185
14 December 2026,190
15 December 2026,180
16 December 2026,177
17 December 2026,165
18 December 2026,120
19 December 2026,106
20 December 2026,170
21 December 2026,244
22 December 2026,488
23 December 2026,390
24 December 2026,260
25 December 2026,180
26 December 2026,175
27 December 2026,170
28 December 2026,164
29 December 2026,178
30 December 2026,310
31 December 2026,250
1 January 2027,180
2 January 2027,165
3 January 2027,169
4 January 2027,180
5 January 2027,174
6 January 2027,120
7 January 2027,116
8 January 2027,116
9 January 2027,106
10 January 2027,102
11 January 2027,117
12 January 2027,110
13 January 2027,107
14 January 2027,113
15 January 2027,112
16 January 2027,111
17 January 2027,104
18 January 2027,123
19 January 2027,140
20 January 2027,142
21 January 2027,146
22 January 2027,105
23 January 2027,118
24 January 2027,148
25 January 2027,900
26 January 2027,400
27 January 2027,300
28 January 2027,160
29 January 2027,168
30 January 2027,184
31 January 2027,163
1 February 2027,177
2 February 2027,168
3 February 2027,175
4 February 2027,172
5 February 2027,188
6 February 2027,179
7 February 2027,174
8 February 2027,170
9 February 2027,169
10 February 2027,205
11 February 2027,173
12 February 2027,158
13 February 2027,118
14 February 2027,179
15 February 2027,232
16 February 2027,237
17 February 2027,253
18 February 2027,218
19 February 2027,168
20 February 2027,190
21 February 2027,178
22 February 2027,149
23 February 2027,131
24 February 2027,118
25 February 2027,1161
26 February 2027,450
27 February 2027,312
28 February 2027,266
1 March 2027,97
2 March 2027,92
3 March 2027,101
4 March 2027,103
5 March 2027,288
6 March 2027,672
7 March 2027,327
8 March 2027,271
9 March 2027,220
10 March 2027,198
11 March 2027,167
12 March 2027,167
13 March 2027,151
14 March 2027,176
15 March 2027,178
16 March 2027,146
17 March 2027,136
18 March 2027,126
19 March 2027,118
20 March 2027,107
21 March 2027,99
22 March 2027,98
23 March 2027,96
24 March 2027,97
25 March 2027,97
26 March 2027,102
27 March 2027,94
28 March 2027,89
29 March 2027,86
30 March 2027,156
31 March 2027,125
1 April 2027,100
2 April 2027,215
3 April 2027,359
4 April 2027,320
5 April 2027,572
6 April 2027,606
7 April 2027,373
8 April 2027,280
9 April 2027,243
10 April 2027,222
11 April 2027,285
12 April 2027,315
13 April 2027,235
14 April 2027,198
15 April 2027,183
16 April 2027,168
17 April 2027,177
18 April 2027,153
19 April 2027,146
20 April 2027,143
21 April 2027,146
22 April 2027,138
23 April 2027,129
24 April 2027,127
25 April 2027,127
26 April 2027,556
27 April 2027,2043
28 April 2027,1562
29 April 2027,590
30 April 2027,197
